trip_id,pickup_time,trip_duration_min,pickup_location,drop_location,driver_id,distance_km,fare_amount
1,2024-01-01 00:00:00,43,Airport,Downtown,135,15.99,295.9
2,2024-01-01 01:00:00,56,Downtown,Airport,196,11.89,280.9
3,2024-01-01 02:00:00,33,Airport,Suburb,135,13.52,251.2
4,2024-01-01 03:00:00,19,Suburb,Mall,102,5.79,145.9
5,2024-01-01 04:00:00,47,Suburb,Airport,172,5.18,195.8
6,2024-01-01 05:00:00,12,Downtown,Downtown,107,10.28,176.8
7,2024-01-01 06:00:00,25,Downtown,Downtown,196,15.01,250.1
8,2024-01-01 07:00:00,43,Airport,Airport,169,10.98,245.8
9,2024-01-01 08:00:00,23,Mall,Suburb,140,1.62,112.2
10,2024-01-01 09:00:00,27,Airport,Suburb,167,17.5,279.0
11,2024-01-01 10:00:00,15,Downtown,Downtown,112,2.23,102.3
12,2024-01-01 11:00:00,15,Airport,Downtown,148,19.16,271.6
13,2024-01-01 12:00:00,28,Downtown,Suburb,159,1.48,120.8
14,2024-01-01 13:00:00,57,Airport,Mall,101,14.19,305.9
15,2024-01-01 14:00:00,40,Downtown,Airport,159,2.56,155.6
16,2024-01-01 15:00:00,44,Downtown,Downtown,104,18.3,321.0
17,2024-01-01 16:00:00,28,Downtown,Downtown,143,9.82,204.2
18,2024-01-01 17:00:00,7,Mall,Suburb,126,3.61,100.1
19,2024-01-01 18:00:00,26,Airport,Airport,131,7.48,176.8
20,2024-01-01 19:00:00,57,Airport,Suburb,120,4.13,205.3
21,2024-01-01 20:00:00,6,Airport,Airport,107,4.24,104.4
22,2024-01-01 21:00:00,28,Downtown,Airport,171,19.01,296.1
23,2024-01-01 22:00:00,48,Airport,Airport,149,9.46,240.6
24,2024-01-01 23:00:00,34,Airport,Downtown,166,15.99,277.9
25,2024-01-02 00:00:00,42,Downtown,Mall,143,13.15,265.5
26,2024-01-02 01:00:00,6,Suburb,Suburb,157,13.85,200.5
27,2024-01-02 02:00:00,25,Downtown,Mall,102,3.5,135.0
28,2024-01-02 03:00:00,37,Airport,Suburb,185,5.45,178.5
29,2024-01-02 04:00:00,16,Downtown,Airport,169,15.95,241.5
30,2024-01-02 05:00:00,26,Suburb,Downtown,101,19.44,296.4
31,2024-01-02 06:00:00,48,Downtown,Mall,186,5.99,205.9
32,2024-01-02 07:00:00,29,Airport,Downtown,143,6.16,169.6
33,2024-01-02 08:00:00,53,Suburb,Suburb,101,9.99,255.9
34,2024-01-02 09:00:00,31,Mall,Downtown,180,19.69,308.9
35,2024-01-02 10:00:00,46,Airport,Downtown,134,6.11,203.1
36,2024-01-02 11:00:00,32,Suburb,Mall,197,8.73,201.3
37,2024-01-02 12:00:00,20,Suburb,Airport,186,17.94,269.4
38,2024-01-02 13:00:00,19,Mall,Downtown,129,1.06,98.6
39,2024-01-02 14:00:00,51,Downtown,Airport,107,1.76,169.6
40,2024-01-02 15:00:00,55,Downtown,Suburb,121,12.48,284.8
41,2024-01-02 16:00:00,48,Airport,Downtown,143,18.24,328.4
42,2024-01-02 17:00:00,59,Mall,Mall,157,5.54,223.4
43,2024-01-02 18:00:00,56,Downtown,Suburb,135,9.92,261.2
44,2024-01-02 19:00:00,7,Mall,Suburb,168,9.56,159.6
45,2024-01-02 20:00:00,41,Downtown,Mall,176,9.99,231.9
46,2024-01-02 21:00:00,55,Suburb,Downtown,192,12.83,288.3
47,2024-01-02 22:00:00,11,Downtown,Downtown,130,9.93,171.3
48,2024-01-02 23:00:00,25,Mall,Suburb,146,9.5,195.0
49,2024-01-03 00:00:00,13,Suburb,Downtown,154,10.01,176.1
50,2024-01-03 01:00:00,43,Suburb,Airport,179,12.23,258.3
51,2024-01-03 02:00:00,22,Suburb,Mall,161,11.2,206.0
52,2024-01-03 03:00:00,8,Mall,Airport,129,17.23,238.3
53,2024-01-03 04:00:00,29,Airport,Downtown,154,1.94,127.4
54,2024-01-03 05:00:00,18,Airport,Suburb,115,16.83,254.3
55,2024-01-03 06:00:00,54,Airport,Mall,111,17.03,328.3
56,2024-01-03 07:00:00,13,Mall,Downtown,116,6.41,140.1
57,2024-01-03 08:00:00,30,Suburb,Downtown,115,9.79,207.9
58,2024-01-03 09:00:00,57,Airport,Suburb,111,9.33,257.3
59,2024-01-03 10:00:00,6,Mall,Suburb,107,5.15,113.5
60,2024-01-03 11:00:00,24,Airport,Airport,183,8.54,183.4
61,2024-01-03 12:00:00,32,Downtown,Mall,102,1.84,132.4
62,2024-01-03 13:00:00,51,Airport,Mall,115,6.28,214.8
63,2024-01-03 14:00:00,11,Airport,Suburb,129,16.52,237.2
64,2024-01-03 15:00:00,48,Suburb,Airport,122,6.41,210.1
65,2024-01-03 16:00:00,12,Mall,Mall,191,16.55,239.5
66,2024-01-03 17:00:00,51,Suburb,Suburb,104,11.1,263.0
67,2024-01-03 18:00:00,39,Suburb,Downtown,183,17.72,305.2
68,2024-01-03 19:00:00,18,Suburb,Mall,164,11.92,205.2
69,2024-01-03 20:00:00,21,Suburb,Airport,129,1.56,107.6
70,2024-01-03 21:00:00,40,Suburb,Airport,120,13.83,268.3
71,2024-01-03 22:00:00,54,Airport,Airport,183,1.85,176.5
72,2024-01-03 23:00:00,44,Suburb,Downtown,169,9.56,233.6
73,2024-01-04 00:00:00,8,Suburb,Mall,121,18.66,252.6
74,2024-01-04 01:00:00,6,Mall,Mall,181,4.14,103.4
75,2024-01-04 02:00:00,10,Downtown,Downtown,171,8.41,154.1
76,2024-01-04 03:00:00,58,Airport,Mall,131,14.87,314.7
77,2024-01-04 04:00:00,46,Airport,Downtown,132,17.76,319.6
78,2024-01-04 05:00:00,8,Airport,Downtown,115,13.75,203.5
79,2024-01-04 06:00:00,58,Suburb,Downtown,175,5.91,225.1
80,2024-01-04 07:00:00,33,Suburb,Airport,137,13.82,254.2
81,2024-01-04 08:00:00,22,Suburb,Mall,197,6.64,160.4
82,2024-01-04 09:00:00,30,Mall,Downtown,113,14.65,256.5
83,2024-01-04 10:00:00,48,Downtown,Mall,135,19.13,337.3
84,2024-01-04 11:00:00,38,Suburb,Airport,196,14.71,273.1
85,2024-01-04 12:00:00,14,Downtown,Downtown,122,17.39,251.9
86,2024-01-04 13:00:00,40,Mall,Suburb,165,1.04,140.4
87,2024-01-04 14:00:00,18,Airport,Airport,184,14.63,232.3
88,2024-01-04 15:00:00,35,Suburb,Suburb,101,16.76,287.6
89,2024-01-04 16:00:00,52,Downtown,Mall,190,1.77,171.7
90,2024-01-04 17:00:00,19,Downtown,Mall,172,17.56,263.6
91,2024-01-04 18:00:00,12,Suburb,Airport,164,5.88,132.8
92,2024-01-04 19:00:00,18,Airport,Mall,174,13.64,222.4
93,2024-01-04 20:00:00,27,Airport,Suburb,166,16.21,266.1
94,2024-01-04 21:00:00,44,Airport,Downtown,151,13.59,273.9
95,2024-01-04 22:00:00,25,Mall,Downtown,161,2.75,127.5
96,2024-01-04 23:00:00,20,Downtown,Downtown,122,12.33,213.3
97,2024-01-05 00:00:00,49,Downtown,Airport,125,11.44,262.4
98,2024-01-05 01:00:00,22,Downtown,Mall,167,18.11,275.1
99,2024-01-05 02:00:00,51,Mall,Suburb,181,8.68,238.8
100,2024-01-05 03:00:00,57,Downtown,Mall,154,7.1,235.0
101,2024-01-05 04:00:00,28,Mall,Mall,105,15.25,258.5
102,2024-01-05 05:00:00,30,Airport,Mall,134,8.84,198.4
103,2024-01-05 06:00:00,29,Suburb,Downtown,121,13.28,240.8
104,2024-01-05 07:00:00,49,Downtown,Suburb,142,13.28,280.8
105,2024-01-05 08:00:00,45,Downtown,Suburb,114,17.87,318.7
106,2024-01-05 09:00:00,33,Airport,Mall,185,12.38,239.8
107,2024-01-05 10:00:00,19,Suburb,Downtown,159,10.54,193.4
108,2024-01-05 11:00:00,49,Mall,Downtown,111,3.64,184.4
109,2024-01-05 12:00:00,5,Suburb,Suburb,148,3.2,92.0
110,2024-01-05 13:00:00,29,Airport,Downtown,141,3.93,147.3
111,2024-01-05 14:00:00,11,Airport,Downtown,137,4.27,114.7
112,2024-01-05 15:00:00,13,Suburb,Downtown,181,13.12,207.2
113,2024-01-05 16:00:00,28,Mall,Airport,144,15.08,256.8
114,2024-01-05 17:00:00,5,Mall,Mall,134,11.07,170.7
115,2024-01-05 18:00:00,48,Downtown,Suburb,129,16.75,313.5
116,2024-01-05 19:00:00,12,Mall,Suburb,187,19.83,272.3
117,2024-01-05 20:00:00,28,Suburb,Airport,129,16.58,271.8
118,2024-01-05 21:00:00,15,Airport,Mall,177,14.2,222.0
119,2024-01-05 22:00:00,55,Downtown,Suburb,105,11.12,271.2
120,2024-01-05 23:00:00,21,Downtown,Downtown,166,9.53,187.3
121,2024-01-06 00:00:00,12,Airport,Suburb,179,2.6,100.0
122,2024-01-06 01:00:00,39,Mall,Downtown,106,8.59,213.9
123,2024-01-06 02:00:00,39,Airport,Airport,151,18.29,310.9
124,2024-01-06 03:00:00,37,Mall,Downtown,113,16.35,287.5
125,2024-01-06 04:00:00,9,Airport,Suburb,172,5.1,119.0
126,2024-01-06 05:00:00,46,Suburb,Suburb,114,9.87,240.7
127,2024-01-06 06:00:00,43,Mall,Suburb,120,16.52,301.2
128,2024-01-06 07:00:00,45,Suburb,Airport,134,2.28,162.8
129,2024-01-06 08:00:00,32,Downtown,Airport,165,8.36,197.6
130,2024-01-06 09:00:00,11,Airport,Mall,190,17.18,243.8
131,2024-01-06 10:00:00,13,Downtown,Suburb,101,8.67,162.7
132,2024-01-06 11:00:00,12,Downtown,Downtown,134,2.47,98.7
133,2024-01-06 12:00:00,16,Downtown,Airport,181,11.31,195.1
134,2024-01-06 13:00:00,38,Downtown,Suburb,177,17.37,299.7
135,2024-01-06 14:00:00,37,Airport,Suburb,119,12.22,246.2
136,2024-01-06 15:00:00,52,Downtown,Airport,181,5.3,207.0
137,2024-01-06 16:00:00,59,Airport,Mall,109,8.3,251.0
138,2024-01-06 17:00:00,27,Airport,Airport,124,9.55,199.5
139,2024-01-06 18:00:00,28,Suburb,Airport,165,12.01,226.1
140,2024-01-06 19:00:00,41,Mall,Downtown,124,15.43,286.3
141,2024-01-06 20:00:00,39,Mall,Downtown,153,2.88,156.8
142,2024-01-06 21:00:00,48,Airport,Mall,132,17.9,325.0
143,2024-01-06 22:00:00,44,Suburb,Suburb,135,1.23,150.3
144,2024-01-06 23:00:00,26,Airport,Airport,194,8.03,182.3
145,2024-01-07 00:00:00,31,Airport,Mall,113,1.52,127.2
146,2024-01-07 01:00:00,39,Airport,Downtown,164,8.47,212.7
147,2024-01-07 02:00:00,5,Suburb,Airport,179,10.99,169.9
148,2024-01-07 03:00:00,39,Mall,Suburb,153,10.72,235.2
149,2024-01-07 04:00:00,41,Suburb,Downtown,151,4.15,173.5
150,2024-01-07 05:00:00,51,Downtown,Downtown,102,13.27,284.7
151,2024-01-07 06:00:00,18,Suburb,Downtown,198,1.85,104.5
152,2024-01-07 07:00:00,7,Suburb,Mall,140,15.48,218.8
153,2024-01-07 08:00:00,5,Suburb,Suburb,105,18.99,249.9
154,2024-01-07 09:00:00,9,Suburb,Airport,124,7.46,142.6
155,2024-01-07 10:00:00,30,Mall,Mall,112,10.83,218.3
156,2024-01-07 11:00:00,59,Downtown,Mall,197,8.2,250.0
157,2024-01-07 12:00:00,18,Mall,Mall,107,1.13,97.3
158,2024-01-07 13:00:00,43,Mall,Downtown,120,8.33,219.3
159,2024-01-07 14:00:00,31,Suburb,Suburb,197,16.04,272.4
160,2024-01-07 15:00:00,13,Airport,Mall,167,12.32,199.2
161,2024-01-07 16:00:00,19,Airport,Airport,124,2.92,117.2
162,2024-01-07 17:00:00,19,Mall,Suburb,178,17.1,259.0
163,2024-01-07 18:00:00,30,Mall,Airport,167,11.09,220.9
164,2024-01-07 19:00:00,46,Suburb,Suburb,144,16.99,311.9
165,2024-01-07 20:00:00,17,Mall,Airport,159,12.02,204.2
166,2024-01-07 21:00:00,55,Suburb,Downtown,111,11.63,276.3
167,2024-01-07 22:00:00,36,Airport,Mall,131,3.0,152.0
168,2024-01-07 23:00:00,43,Airport,Airport,195,4.18,177.8
169,2024-01-08 00:00:00,53,Downtown,Suburb,191,19.47,350.7
170,2024-01-08 01:00:00,56,Airport,Mall,112,5.34,215.4
171,2024-01-08 02:00:00,36,Mall,Mall,130,19.57,317.7
172,2024-01-08 03:00:00,8,Airport,Suburb,177,11.11,177.1
173,2024-01-08 04:00:00,34,Suburb,Airport,119,3.58,153.8
174,2024-01-08 05:00:00,41,Airport,Downtown,117,2.89,160.9
175,2024-01-08 06:00:00,27,Downtown,Downtown,192,4.97,153.7
176,2024-01-08 07:00:00,43,Airport,Airport,159,18.59,321.9
177,2024-01-08 08:00:00,49,Suburb,Mall,162,8.87,236.7
178,2024-01-08 09:00:00,19,Suburb,Mall,105,8.51,173.1
179,2024-01-08 10:00:00,47,Mall,Mall,131,6.95,213.5
180,2024-01-08 11:00:00,33,Airport,Mall,192,3.79,153.9
181,2024-01-08 12:00:00,40,Suburb,Airport,142,10.27,232.7
182,2024-01-08 13:00:00,17,Downtown,Mall,101,3.47,118.7
183,2024-01-08 14:00:00,36,Mall,Suburb,159,16.87,290.7
184,2024-01-08 15:00:00,11,Downtown,Mall,122,8.04,152.4
185,2024-01-08 16:00:00,55,Airport,Downtown,182,8.12,241.2
186,2024-01-08 17:00:00,26,Airport,Mall,130,10.01,202.1
187,2024-01-08 18:00:00,32,Airport,Airport,104,9.44,208.4
188,2024-01-08 19:00:00,6,Mall,Downtown,182,19.9,261.0
189,2024-01-08 20:00:00,46,Suburb,Airport,133,11.36,255.6
190,2024-01-08 21:00:00,49,Mall,Airport,109,2.68,174.8
191,2024-01-08 22:00:00,57,Downtown,Downtown,188,12.53,289.3
192,2024-01-08 23:00:00,10,Mall,Airport,101,3.88,108.8
193,2024-01-09 00:00:00,32,Downtown,Airport,110,1.59,129.9
194,2024-01-09 01:00:00,32,Mall,Mall,149,19.44,308.4
195,2024-01-09 02:00:00,48,Suburb,Suburb,130,15.7,303.0
196,2024-01-09 03:00:00,48,Downtown,Airport,155,19.62,342.2
197,2024-01-09 04:00:00,24,Airport,Airport,178,10.08,198.8
198,2024-01-09 05:00:00,34,Airport,Airport,172,11.11,229.1
199,2024-01-09 06:00:00,15,Mall,Mall,186,4.2,122.0
200,2024-01-09 07:00:00,59,Airport,Suburb,182,5.69,224.9
201,2024-01-09 08:00:00,32,Downtown,Downtown,108,16.93,283.3
202,2024-01-09 09:00:00,29,Airport,Mall,198,7.77,185.7
203,2024-01-09 10:00:00,43,Suburb,Mall,120,16.71,303.1
204,2024-01-09 11:00:00,37,Suburb,Suburb,172,14.47,268.7
205,2024-01-09 12:00:00,5,Mall,Suburb,127,4.37,103.7
206,2024-01-09 13:00:00,31,Downtown,Mall,161,10.64,218.4
207,2024-01-09 14:00:00,56,Suburb,Downtown,106,13.87,300.7
208,2024-01-09 15:00:00,17,Suburb,Mall,179,5.47,138.7
209,2024-01-09 16:00:00,45,Downtown,Suburb,115,16.78,307.8
210,2024-01-09 17:00:00,7,Airport,Downtown,196,11.35,177.5
211,2024-01-09 18:00:00,43,Airport,Suburb,103,4.14,177.4
212,2024-01-09 19:00:00,10,Mall,Downtown,103,12.08,190.8
213,2024-01-09 20:00:00,12,Airport,Airport,139,19.99,273.9
214,2024-01-09 21:00:00,31,Downtown,Suburb,116,3.86,150.6
215,2024-01-09 22:00:00,13,Suburb,Suburb,151,16.52,241.2
216,2024-01-09 23:00:00,41,Airport,Mall,192,4.94,181.4
217,2024-01-10 00:00:00,37,Mall,Suburb,151,15.87,282.7
218,2024-01-10 01:00:00,55,Airport,Suburb,135,14.96,309.6
219,2024-01-10 02:00:00,46,Downtown,Airport,137,6.71,209.1
220,2024-01-10 03:00:00,48,Mall,Suburb,149,7.19,217.9
221,2024-01-10 04:00:00,28,Airport,Airport,162,16.06,266.6
222,2024-01-10 05:00:00,19,Mall,Airport,162,9.77,185.7
223,2024-01-10 06:00:00,58,Downtown,Airport,161,14.89,314.9
224,2024-01-10 07:00:00,36,Suburb,Airport,198,3.81,160.1
225,2024-01-10 08:00:00,36,Downtown,Downtown,106,17.2,294.0
226,2024-01-10 09:00:00,28,Downtown,Mall,126,14.51,251.1
227,2024-01-10 10:00:00,45,Downtown,Downtown,191,18.23,322.3
228,2024-01-10 11:00:00,56,Downtown,Suburb,185,3.52,197.2
229,2024-01-10 12:00:00,53,Suburb,Downtown,113,12.27,278.7
230,2024-01-10 13:00:00,53,Suburb,Downtown,170,12.38,279.8
231,2024-01-10 14:00:00,56,Mall,Suburb,185,7.72,239.2
232,2024-01-10 15:00:00,16,Airport,Suburb,104,9.71,179.1
233,2024-01-10 16:00:00,43,Suburb,Suburb,154,1.72,153.2
234,2024-01-10 17:00:00,6,Suburb,Downtown,101,15.17,213.7
235,2024-01-10 18:00:00,7,Airport,Downtown,161,11.44,178.4
236,2024-01-10 19:00:00,53,Suburb,Suburb,190,2.1,177.0
237,2024-01-10 20:00:00,41,Downtown,Mall,120,13.93,271.3
238,2024-01-10 21:00:00,53,Downtown,Mall,178,9.87,254.7
239,2024-01-10 22:00:00,21,Airport,Airport,120,1.65,108.5
240,2024-01-10 23:00:00,53,Mall,Suburb,109,19.42,350.2
241,2024-01-11 00:00:00,6,Mall,Airport,186,19.03,252.3
242,2024-01-11 01:00:00,6,Airport,Mall,157,10.75,169.5
243,2024-01-11 02:00:00,32,Airport,Airport,138,2.78,141.8
244,2024-01-11 03:00:00,58,Downtown,Suburb,104,15.34,319.4
245,2024-01-11 04:00:00,27,Mall,Suburb,164,10.35,207.5
246,2024-01-11 05:00:00,41,Suburb,Suburb,112,6.75,199.5
247,2024-01-11 06:00:00,36,Downtown,Downtown,184,10.34,225.4
248,2024-01-11 07:00:00,37,Airport,Airport,189,10.93,233.3
249,2024-01-11 08:00:00,5,Mall,Mall,184,11.69,176.9
250,2024-01-11 09:00:00,23,Suburb,Mall,152,9.38,189.8
251,2024-01-11 10:00:00,6,Suburb,Mall,181,12.51,187.1
252,2024-01-11 11:00:00,57,Downtown,Downtown,144,18.46,348.6
253,2024-01-11 12:00:00,48,Mall,Downtown,131,7.88,224.8
254,2024-01-11 13:00:00,30,Mall,Suburb,135,14.79,257.9
255,2024-01-11 14:00:00,36,Airport,Mall,180,17.99,301.9
256,2024-01-11 15:00:00,10,Mall,Downtown,198,9.66,166.6
257,2024-01-11 16:00:00,36,Mall,Suburb,159,9.43,216.3
258,2024-01-11 17:00:00,59,Downtown,Mall,110,12.44,292.4
259,2024-01-11 18:00:00,8,Mall,Airport,162,12.24,188.4
260,2024-01-11 19:00:00,59,Suburb,Suburb,120,16.33,331.3
261,2024-01-11 20:00:00,15,Downtown,Downtown,151,10.05,180.5
262,2024-01-11 21:00:00,21,Downtown,Downtown,154,19.93,291.3
263,2024-01-11 22:00:00,42,Airport,Suburb,125,2.13,155.3
264,2024-01-11 23:00:00,28,Mall,Suburb,167,1.06,116.6
265,2024-01-12 00:00:00,9,Airport,Downtown,133,13.16,199.6
266,2024-01-12 01:00:00,56,Suburb,Airport,151,6.67,228.7
267,2024-01-12 02:00:00,38,Downtown,Mall,181,5.57,181.7
268,2024-01-12 03:00:00,10,Downtown,Airport,198,6.93,139.3
269,2024-01-12 04:00:00,26,Downtown,Suburb,192,5.86,160.6
270,2024-01-12 05:00:00,15,Suburb,Airport,151,1.59,95.9
271,2024-01-12 06:00:00,52,Suburb,Downtown,128,19.46,348.6
272,2024-01-12 07:00:00,20,Airport,Suburb,137,5.19,141.9
273,2024-01-12 08:00:00,37,Airport,Mall,141,14.95,273.5
274,2024-01-12 09:00:00,13,Airport,Downtown,120,15.49,230.9
275,2024-01-12 10:00:00,10,Mall,Downtown,141,18.66,256.6
276,2024-01-12 11:00:00,20,Downtown,Mall,112,1.58,105.8
277,2024-01-12 12:00:00,33,Downtown,Mall,163,17.57,291.7
278,2024-01-12 13:00:00,7,Airport,Airport,116,11.02,174.2
279,2024-01-12 14:00:00,24,Downtown,Suburb,108,13.02,228.2
280,2024-01-12 15:00:00,40,Airport,Mall,140,13.24,262.4
281,2024-01-12 16:00:00,23,Mall,Mall,100,16.58,261.8
282,2024-01-12 17:00:00,30,Mall,Suburb,101,7.33,183.3
283,2024-01-12 18:00:00,7,Suburb,Mall,159,14.93,213.3
284,2024-01-12 19:00:00,23,Mall,Mall,147,11.04,206.4
285,2024-01-12 20:00:00,24,Airport,Airport,128,16.07,258.7
286,2024-01-12 21:00:00,36,Mall,Downtown,196,19.82,320.2
287,2024-01-12 22:00:00,11,Suburb,Downtown,109,4.81,120.1
288,2024-01-12 23:00:00,56,Downtown,Downtown,157,19.9,361.0
289,2024-01-13 00:00:00,45,Airport,Downtown,159,2.71,167.1
290,2024-01-13 01:00:00,37,Downtown,Mall,120,1.04,134.4
291,2024-01-13 02:00:00,44,Suburb,Suburb,127,1.84,156.4
292,2024-01-13 03:00:00,43,Suburb,Suburb,174,7.49,210.9
293,2024-01-13 04:00:00,22,Suburb,Airport,133,13.03,224.3
294,2024-01-13 05:00:00,44,Downtown,Airport,107,2.31,161.1
295,2024-01-13 06:00:00,5,Downtown,Mall,158,1.11,71.1
296,2024-01-13 07:00:00,15,Downtown,Suburb,185,18.8,268.0
297,2024-01-13 08:00:00,32,Downtown,Suburb,171,16.62,280.2
298,2024-01-13 09:00:00,29,Suburb,Downtown,148,16.37,271.7
299,2024-01-13 10:00:00,54,Suburb,Mall,178,17.8,336.0
300,2024-01-13 11:00:00,27,Airport,Mall,116,14.3,247.0
301,2024-01-13 12:00:00,35,Airport,Downtown,159,2.98,149.8
302,2024-01-13 13:00:00,34,Downtown,Mall,186,8.58,203.8
303,2024-01-13 14:00:00,46,Mall,Mall,187,14.74,289.4
304,2024-01-13 15:00:00,39,Mall,Airport,144,6.33,191.3
305,2024-01-13 16:00:00,11,Suburb,Suburb,182,14.06,212.6
306,2024-01-13 17:00:00,20,Suburb,Mall,168,1.47,104.7
307,2024-01-13 18:00:00,30,Suburb,Airport,131,6.82,178.2
308,2024-01-13 19:00:00,52,Airport,Suburb,143,11.43,268.3
309,2024-01-13 20:00:00,56,Airport,Downtown,164,13.01,292.1
310,2024-01-13 21:00:00,53,Suburb,Airport,186,11.96,275.6
311,2024-01-13 22:00:00,6,Suburb,Airport,107,14.26,204.6
312,2024-01-13 23:00:00,5,Suburb,Suburb,176,1.12,71.2
313,2024-01-14 00:00:00,52,Mall,Downtown,171,2.92,183.2
314,2024-01-14 01:00:00,16,Airport,Airport,186,17.51,257.1
315,2024-01-14 02:00:00,9,Mall,Mall,142,13.95,207.5
316,2024-01-14 03:00:00,41,Mall,Mall,100,3.15,163.5
317,2024-01-14 04:00:00,36,Suburb,Mall,150,17.0,292.0
318,2024-01-14 05:00:00,59,Suburb,Downtown,123,5.6,224.0
319,2024-01-14 06:00:00,13,Downtown,Airport,198,10.09,176.9
320,2024-01-14 07:00:00,45,Downtown,Mall,123,3.76,177.6
321,2024-01-14 08:00:00,39,Mall,Downtown,116,14.49,272.9
322,2024-01-14 09:00:00,23,Airport,Mall,104,13.67,232.7
323,2024-01-14 10:00:00,52,Suburb,Suburb,119,5.01,204.1
324,2024-01-14 11:00:00,20,Suburb,Airport,120,17.4,264.0
325,2024-01-14 12:00:00,7,Mall,Airport,157,8.62,150.2
326,2024-01-14 13:00:00,24,Downtown,Downtown,130,6.56,163.6
327,2024-01-14 14:00:00,28,Airport,Downtown,199,3.89,144.9
328,2024-01-14 15:00:00,58,Downtown,Airport,110,6.06,226.6
329,2024-01-14 16:00:00,37,Downtown,Mall,151,1.42,138.2
330,2024-01-14 17:00:00,28,Downtown,Mall,114,12.08,226.8
331,2024-01-14 18:00:00,56,Downtown,Suburb,182,17.0,332.0
332,2024-01-14 19:00:00,15,Suburb,Mall,106,11.43,194.3
333,2024-01-14 20:00:00,53,Suburb,Downtown,127,5.17,207.7
334,2024-01-14 21:00:00,12,Downtown,Downtown,150,1.64,90.4
335,2024-01-14 22:00:00,40,Airport,Mall,157,5.08,180.8
336,2024-01-14 23:00:00,42,Mall,Downtown,104,8.91,223.1
337,2024-01-15 00:00:00,44,Airport,Airport,104,15.43,292.3
338,2024-01-15 01:00:00,24,Airport,Airport,193,4.57,143.7
339,2024-01-15 02:00:00,39,Airport,Mall,195,14.68,274.8
340,2024-01-15 03:00:00,52,Downtown,Airport,107,17.47,328.7
341,2024-01-15 04:00:00,29,Suburb,Airport,163,9.62,204.2
342,2024-01-15 05:00:00,39,Airport,Suburb,109,16.61,294.1
343,2024-01-15 06:00:00,29,Downtown,Suburb,137,11.54,223.4
344,2024-01-15 07:00:00,33,Airport,Airport,195,13.1,247.0
345,2024-01-15 08:00:00,22,Airport,Mall,191,11.0,204.0
346,2024-01-15 09:00:00,50,Downtown,Suburb,180,9.8,248.0
347,2024-01-15 10:00:00,22,Suburb,Downtown,194,5.46,148.6
348,2024-01-15 11:00:00,6,Suburb,Downtown,107,6.76,129.6
349,2024-01-15 12:00:00,58,Mall,Downtown,124,6.51,231.1
350,2024-01-15 13:00:00,39,Downtown,Mall,172,11.7,245.0
351,2024-01-15 14:00:00,20,Mall,Airport,165,3.28,122.8
352,2024-01-15 15:00:00,45,Mall,Downtown,178,18.42,324.2
353,2024-01-15 16:00:00,40,Mall,Mall,149,14.69,276.9
354,2024-01-15 17:00:00,37,Suburb,Suburb,166,8.63,210.3
355,2024-01-15 18:00:00,8,Downtown,Airport,148,4.01,106.1
356,2024-01-15 19:00:00,37,Mall,Suburb,135,17.76,301.6
357,2024-01-15 20:00:00,18,Downtown,Mall,167,16.65,252.5
358,2024-01-15 21:00:00,25,Downtown,Downtown,177,14.71,247.1
359,2024-01-15 22:00:00,52,Suburb,Downtown,140,6.16,215.6
360,2024-01-15 23:00:00,24,Mall,Mall,188,8.65,184.5
361,2024-01-16 00:00:00,12,Mall,Downtown,161,2.95,103.5
362,2024-01-16 01:00:00,11,Downtown,Airport,109,4.59,117.9
363,2024-01-16 02:00:00,7,Airport,Mall,120,15.88,222.8
364,2024-01-16 03:00:00,21,Suburb,Suburb,135,14.59,237.9
365,2024-01-16 04:00:00,37,Suburb,Mall,111,12.28,246.8
366,2024-01-16 05:00:00,52,Suburb,Airport,190,18.02,334.2
367,2024-01-16 06:00:00,16,Suburb,Airport,101,12.08,202.8
368,2024-01-16 07:00:00,55,Mall,Mall,112,9.87,258.7
369,2024-01-16 08:00:00,26,Mall,Mall,152,7.47,176.7
370,2024-01-16 09:00:00,59,Airport,Downtown,131,18.87,356.7
371,2024-01-16 10:00:00,26,Suburb,Airport,194,2.57,127.7
372,2024-01-16 11:00:00,50,Suburb,Mall,115,18.69,336.9
373,2024-01-16 12:00:00,34,Downtown,Mall,131,16.71,285.1
374,2024-01-16 13:00:00,42,Mall,Airport,131,3.47,168.7
375,2024-01-16 14:00:00,42,Suburb,Mall,197,11.73,251.3
376,2024-01-16 15:00:00,49,Airport,Downtown,110,17.46,322.6
377,2024-01-16 16:00:00,55,Airport,Airport,109,11.86,278.6
378,2024-01-16 17:00:00,58,Mall,Downtown,114,18.24,348.4
379,2024-01-16 18:00:00,12,Airport,Downtown,116,18.92,263.2
380,2024-01-16 19:00:00,31,Airport,Downtown,139,9.03,202.3
381,2024-01-16 20:00:00,31,Mall,Downtown,117,8.17,193.7
382,2024-01-16 21:00:00,38,Suburb,Airport,154,18.79,313.9
383,2024-01-16 22:00:00,25,Suburb,Downtown,172,13.83,238.3
384,2024-01-16 23:00:00,34,Airport,Downtown,124,3.2,150.0
385,2024-01-17 00:00:00,37,Airport,Mall,158,1.8,142.0
386,2024-01-17 01:00:00,32,Suburb,Airport,177,11.73,231.3
387,2024-01-17 02:00:00,51,Mall,Airport,188,18.67,338.7
388,2024-01-17 03:00:00,37,Airport,Suburb,121,17.04,294.4
389,2024-01-17 04:00:00,9,Downtown,Airport,129,13.84,206.4
390,2024-01-17 05:00:00,52,Mall,Airport,183,3.64,190.4
391,2024-01-17 06:00:00,23,Airport,Suburb,184,5.83,154.3
392,2024-01-17 07:00:00,8,Airport,Airport,143,17.63,242.3
393,2024-01-17 08:00:00,39,Downtown,Airport,131,4.47,172.7
394,2024-01-17 09:00:00,53,Downtown,Airport,150,6.29,218.9
395,2024-01-17 10:00:00,21,Suburb,Airport,145,3.46,126.6
396,2024-01-17 11:00:00,48,Mall,Suburb,120,13.85,284.5
397,2024-01-17 12:00:00,32,Mall,Airport,198,18.94,303.4
398,2024-01-17 13:00:00,34,Suburb,Airport,131,6.11,179.1
399,2024-01-17 14:00:00,33,Mall,Suburb,193,10.03,216.3
400,2024-01-17 15:00:00,50,Mall,Mall,138,13.05,280.5
401,2024-01-17 16:00:00,57,Mall,Downtown,111,19.99,363.9
402,2024-01-17 17:00:00,10,Mall,Mall,146,2.99,99.9
403,2024-01-17 18:00:00,39,Mall,Suburb,117,10.47,232.7
404,2024-01-17 19:00:00,45,Downtown,Downtown,120,8.32,223.2
405,2024-01-17 20:00:00,41,Mall,Suburb,112,17.45,306.5
406,2024-01-17 21:00:00,28,Downtown,Suburb,120,10.04,206.4
407,2024-01-17 22:00:00,33,Mall,Airport,107,3.11,147.1
408,2024-01-17 23:00:00,53,Suburb,Downtown,145,13.05,286.5
409,2024-01-18 00:00:00,50,Airport,Airport,106,15.64,306.4
410,2024-01-18 01:00:00,57,Downtown,Downtown,122,1.05,174.5
411,2024-01-18 02:00:00,35,Mall,Suburb,195,17.32,293.2
412,2024-01-18 03:00:00,39,Suburb,Suburb,174,4.53,173.3
413,2024-01-18 04:00:00,37,Airport,Mall,185,11.49,238.9
414,2024-01-18 05:00:00,56,Downtown,Downtown,121,8.9,251.0
415,2024-01-18 06:00:00,25,Airport,Airport,188,14.67,246.7
416,2024-01-18 07:00:00,36,Suburb,Mall,121,8.05,202.5
417,2024-01-18 08:00:00,27,Downtown,Mall,191,17.53,279.3
418,2024-01-18 09:00:00,37,Airport,Mall,128,14.88,272.8
419,2024-01-18 10:00:00,7,Mall,Airport,112,13.31,197.1
420,2024-01-18 11:00:00,22,Downtown,Mall,181,16.13,255.3
421,2024-01-18 12:00:00,29,Airport,Airport,101,15.33,261.3
422,2024-01-18 13:00:00,46,Suburb,Mall,128,1.68,158.8
423,2024-01-18 14:00:00,35,Suburb,Airport,184,8.5,205.0
424,2024-01-18 15:00:00,58,Downtown,Suburb,178,18.69,352.9
425,2024-01-18 16:00:00,7,Airport,Suburb,151,3.39,97.9
426,2024-01-18 17:00:00,44,Downtown,Suburb,126,15.0,288.0
427,2024-01-18 18:00:00,50,Downtown,Suburb,149,19.52,345.2
428,2024-01-18 19:00:00,28,Airport,Suburb,194,1.99,125.9
429,2024-01-18 20:00:00,54,Airport,Mall,178,13.96,297.6
430,2024-01-18 21:00:00,36,Mall,Mall,122,9.89,220.9
431,2024-01-18 22:00:00,51,Airport,Mall,187,12.0,272.0
432,2024-01-18 23:00:00,26,Suburb,Airport,143,2.62,128.2
433,2024-01-19 00:00:00,27,Downtown,Airport,176,1.82,122.2
434,2024-01-19 01:00:00,6,Downtown,Airport,121,13.67,198.7
435,2024-01-19 02:00:00,31,Suburb,Airport,142,16.64,278.4
436,2024-01-19 03:00:00,46,Airport,Suburb,136,15.86,300.6
437,2024-01-19 04:00:00,6,Suburb,Suburb,160,11.33,175.3
438,2024-01-19 05:00:00,30,Suburb,Suburb,196,2.9,139.0
439,2024-01-19 06:00:00,21,Mall,Downtown,155,14.07,232.7
440,2024-01-19 07:00:00,44,Suburb,Mall,102,5.6,194.0
441,2024-01-19 08:00:00,37,Downtown,Airport,162,18.31,307.1
442,2024-01-19 09:00:00,13,Suburb,Airport,118,16.93,245.3
443,2024-01-19 10:00:00,47,Downtown,Suburb,122,14.48,288.8
444,2024-01-19 11:00:00,58,Downtown,Airport,128,19.03,356.3
445,2024-01-19 12:00:00,52,Downtown,Airport,129,1.6,170.0
446,2024-01-19 13:00:00,43,Airport,Mall,138,14.99,285.9
447,2024-01-19 14:00:00,33,Mall,Suburb,124,7.27,188.7
448,2024-01-19 15:00:00,46,Downtown,Mall,107,18.22,324.2
449,2024-01-19 16:00:00,59,Downtown,Downtown,157,6.07,228.7
450,2024-01-19 17:00:00,30,Airport,Downtown,115,14.77,257.7
451,2024-01-19 18:00:00,39,Downtown,Downtown,171,17.68,304.8
452,2024-01-19 19:00:00,54,Suburb,Suburb,100,1.79,175.9
453,2024-01-19 20:00:00,29,Suburb,Airport,104,8.56,193.6
454,2024-01-19 21:00:00,28,Mall,Suburb,102,15.48,260.8
455,2024-01-19 22:00:00,17,Downtown,Suburb,164,9.64,180.4
456,2024-01-19 23:00:00,11,Airport,Airport,103,6.08,132.8
457,2024-01-20 00:00:00,40,Suburb,Mall,198,5.18,181.8
458,2024-01-20 01:00:00,49,Airport,Downtown,195,3.5,183.0
459,2024-01-20 02:00:00,24,Airport,Mall,163,17.29,270.9
460,2024-01-20 03:00:00,5,Suburb,Downtown,197,11.93,179.3
461,2024-01-20 04:00:00,12,Airport,Suburb,188,2.45,98.5
462,2024-01-20 05:00:00,50,Suburb,Downtown,109,8.27,232.7
463,2024-01-20 06:00:00,20,Airport,Suburb,120,7.99,169.9
464,2024-01-20 07:00:00,18,Suburb,Mall,145,4.45,130.5
465,2024-01-20 08:00:00,16,Downtown,Suburb,190,9.27,174.7
466,2024-01-20 09:00:00,55,Mall,Mall,126,7.31,233.1
467,2024-01-20 10:00:00,27,Suburb,Airport,165,7.49,178.9
468,2024-01-20 11:00:00,19,Suburb,Airport,140,15.04,238.4
469,2024-01-20 12:00:00,32,Mall,Airport,112,5.24,166.4
470,2024-01-20 13:00:00,38,Suburb,Suburb,108,13.2,258.0
471,2024-01-20 14:00:00,6,Suburb,Airport,135,11.84,180.4
472,2024-01-20 15:00:00,36,Airport,Downtown,185,11.79,239.9
473,2024-01-20 16:00:00,27,Mall,Mall,189,13.6,240.0
474,2024-01-20 17:00:00,26,Downtown,Mall,157,11.42,216.2
475,2024-01-20 18:00:00,55,Suburb,Downtown,153,17.71,337.1
476,2024-01-20 19:00:00,29,Mall,Suburb,111,13.84,246.4
477,2024-01-20 20:00:00,26,Airport,Suburb,180,11.39,215.9
478,2024-01-20 21:00:00,26,Downtown,Mall,177,16.77,269.7
479,2024-01-20 22:00:00,53,Mall,Airport,113,12.52,281.2
480,2024-01-20 23:00:00,56,Downtown,Suburb,133,6.53,227.3
481,2024-01-21 00:00:00,46,Downtown,Suburb,152,4.93,191.3
482,2024-01-21 01:00:00,10,Downtown,Downtown,119,3.89,108.9
483,2024-01-21 02:00:00,19,Suburb,Downtown,174,18.09,268.9
484,2024-01-21 03:00:00,58,Suburb,Airport,115,14.49,310.9
485,2024-01-21 04:00:00,47,Airport,Suburb,194,18.81,332.1
486,2024-01-21 05:00:00,41,Airport,Suburb,169,12.46,256.6
487,2024-01-21 06:00:00,37,Mall,Downtown,155,9.99,223.9
488,2024-01-21 07:00:00,12,Airport,Suburb,182,2.13,95.3
489,2024-01-21 08:00:00,57,Downtown,Mall,157,13.76,301.6
490,2024-01-21 09:00:00,48,Downtown,Downtown,103,12.06,266.6
491,2024-01-21 10:00:00,48,Suburb,Airport,103,19.81,344.1
492,2024-01-21 11:00:00,9,Downtown,Downtown,119,5.54,123.4
493,2024-01-21 12:00:00,43,Mall,Suburb,109,11.08,246.8
494,2024-01-21 13:00:00,8,Downtown,Airport,123,13.37,199.7
495,2024-01-21 14:00:00,10,Downtown,Downtown,198,13.25,202.5
496,2024-01-21 15:00:00,49,Mall,Mall,125,11.66,264.6
497,2024-01-21 16:00:00,36,Airport,Mall,136,15.76,279.6
498,2024-01-21 17:00:00,56,Airport,Downtown,184,4.89,210.9
499,2024-01-21 18:00:00,34,Mall,Mall,153,14.79,265.9
500,2024-01-21 19:00:00,51,Suburb,Mall,120,12.77,279.7
501,2024-01-21 20:00:00,39,Downtown,Mall,173,18.03,308.3
502,2024-01-21 21:00:00,59,Mall,Airport,137,17.1,339.0
503,2024-01-21 22:00:00,44,Downtown,Mall,145,6.99,207.9
504,2024-01-21 23:00:00,56,Suburb,Mall,103,6.25,224.5
505,2024-01-22 00:00:00,20,Downtown,Mall,159,19.65,286.5
506,2024-01-22 01:00:00,17,Mall,Airport,156,11.02,194.2
507,2024-01-22 02:00:00,54,Downtown,Downtown,144,18.22,340.2
508,2024-01-22 03:00:00,46,Airport,Suburb,119,4.11,183.1
509,2024-01-22 04:00:00,34,Suburb,Mall,116,13.21,250.1
510,2024-01-22 05:00:00,23,Suburb,Downtown,170,16.39,259.9
511,2024-01-22 06:00:00,21,Suburb,Mall,103,19.0,282.0
512,2024-01-22 07:00:00,23,Mall,Airport,192,7.41,170.1
513,2024-01-22 08:00:00,32,Suburb,Downtown,113,14.77,261.7
514,2024-01-22 09:00:00,59,Airport,Airport,102,11.24,280.4
515,2024-01-22 10:00:00,30,Mall,Mall,187,2.15,131.5
516,2024-01-22 11:00:00,41,Airport,Mall,179,14.11,273.1
517,2024-01-22 12:00:00,30,Downtown,Airport,157,14.11,251.1
518,2024-01-22 13:00:00,57,Downtown,Suburb,154,18.68,350.8
519,2024-01-22 14:00:00,27,Downtown,Airport,103,10.45,208.5
520,2024-01-22 15:00:00,13,Downtown,Mall,123,5.37,129.7
521,2024-01-22 16:00:00,16,Airport,Airport,133,1.85,100.5
522,2024-01-22 17:00:00,57,Mall,Suburb,129,8.9,253.0
523,2024-01-22 18:00:00,5,Mall,Airport,181,6.74,127.4
524,2024-01-22 19:00:00,5,Suburb,Suburb,118,15.46,214.6
525,2024-01-22 20:00:00,51,Airport,Suburb,130,7.73,229.3
526,2024-01-22 21:00:00,38,Downtown,Airport,159,19.03,316.3
527,2024-01-22 22:00:00,36,Airport,Airport,159,19.28,314.8
528,2024-01-22 23:00:00,58,Suburb,Downtown,118,12.8,294.0
529,2024-01-23 00:00:00,52,Suburb,Mall,148,18.64,340.4
530,2024-01-23 01:00:00,29,Airport,Suburb,162,15.46,262.6
531,2024-01-23 02:00:00,44,Airport,Downtown,182,11.39,251.9
532,2024-01-23 03:00:00,49,Airport,Airport,121,4.43,192.3
533,2024-01-23 04:00:00,57,Mall,Mall,123,9.71,261.1
534,2024-01-23 05:00:00,5,Downtown,Downtown,175,11.66,176.6
535,2024-01-23 06:00:00,20,Airport,Suburb,129,17.42,264.2
536,2024-01-23 07:00:00,43,Airport,Downtown,157,10.15,237.5
537,2024-01-23 08:00:00,9,Airport,Suburb,130,18.06,248.6
538,2024-01-23 09:00:00,26,Suburb,Airport,199,13.81,240.1
539,2024-01-23 10:00:00,33,Suburb,Mall,163,3.6,152.0
540,2024-01-23 11:00:00,59,Mall,Mall,118,19.9,367.0
541,2024-01-23 12:00:00,7,Downtown,Mall,147,11.02,174.2
542,2024-01-23 13:00:00,16,Mall,Airport,144,8.45,166.5
543,2024-01-23 14:00:00,30,Downtown,Suburb,199,13.52,245.2
544,2024-01-23 15:00:00,20,Suburb,Airport,193,3.07,120.7
545,2024-01-23 16:00:00,55,Suburb,Mall,154,13.09,290.9
546,2024-01-23 17:00:00,41,Suburb,Airport,154,10.47,236.7
547,2024-01-23 18:00:00,26,Mall,Airport,196,8.73,189.3
548,2024-01-23 19:00:00,33,Airport,Airport,117,19.11,307.1
549,2024-01-23 20:00:00,18,Airport,Suburb,162,10.93,195.3
550,2024-01-23 21:00:00,32,Suburb,Downtown,191,5.16,165.6
551,2024-01-23 22:00:00,9,Airport,Downtown,146,9.72,165.2
552,2024-01-23 23:00:00,51,Airport,Airport,174,18.47,336.7
553,2024-01-24 00:00:00,53,Mall,Downtown,156,4.35,199.5
554,2024-01-24 01:00:00,34,Downtown,Downtown,144,5.07,168.7
555,2024-01-24 02:00:00,50,Suburb,Airport,132,1.25,162.5
556,2024-01-24 03:00:00,56,Suburb,Airport,116,1.27,174.7
557,2024-01-24 04:00:00,9,Mall,Mall,169,16.76,235.6
558,2024-01-24 05:00:00,16,Mall,Downtown,103,14.91,231.1
559,2024-01-24 06:00:00,20,Airport,Suburb,119,7.75,167.5
560,2024-01-24 07:00:00,30,Suburb,Airport,146,14.27,252.7
561,2024-01-24 08:00:00,30,Downtown,Mall,190,8.51,195.1
562,2024-01-24 09:00:00,52,Mall,Suburb,114,19.11,345.1
563,2024-01-24 10:00:00,25,Downtown,Downtown,169,19.37,293.7
564,2024-01-24 11:00:00,43,Downtown,Mall,146,8.46,220.6
565,2024-01-24 12:00:00,40,Suburb,Airport,177,17.23,302.3
566,2024-01-24 13:00:00,37,Suburb,Suburb,174,15.69,280.9
567,2024-01-24 14:00:00,34,Mall,Airport,108,6.89,186.9
568,2024-01-24 15:00:00,41,Suburb,Downtown,189,5.41,186.1
569,2024-01-24 16:00:00,27,Suburb,Suburb,115,9.71,201.1
570,2024-01-24 17:00:00,14,Suburb,Downtown,168,15.85,236.5
571,2024-01-24 18:00:00,58,Downtown,Downtown,160,19.24,358.4
572,2024-01-24 19:00:00,9,Mall,Mall,109,15.51,223.1
573,2024-01-24 20:00:00,40,Airport,Airport,149,17.25,302.5
574,2024-01-24 21:00:00,38,Downtown,Suburb,102,12.46,250.6
575,2024-01-24 22:00:00,56,Suburb,Downtown,176,16.87,330.7
576,2024-01-24 23:00:00,35,Downtown,Downtown,193,15.9,279.0
577,2024-01-25 00:00:00,14,Suburb,Suburb,169,8.16,159.6
578,2024-01-25 01:00:00,23,Suburb,Downtown,180,11.49,210.9
579,2024-01-25 02:00:00,36,Downtown,Mall,150,16.29,284.9
580,2024-01-25 03:00:00,5,Mall,Mall,118,1.88,78.8
581,2024-01-25 04:00:00,9,Suburb,Mall,141,16.35,231.5
582,2024-01-25 05:00:00,49,Mall,Mall,134,4.38,191.8
583,2024-01-25 06:00:00,8,Airport,Downtown,145,10.78,173.8
584,2024-01-25 07:00:00,20,Suburb,Suburb,125,16.36,253.6
585,2024-01-25 08:00:00,28,Mall,Suburb,168,5.82,164.2
586,2024-01-25 09:00:00,20,Mall,Suburb,192,5.67,146.7
587,2024-01-25 10:00:00,59,Airport,Suburb,163,8.65,254.5
588,2024-01-25 11:00:00,6,Mall,Airport,136,18.0,242.0
589,2024-01-25 12:00:00,53,Mall,Suburb,183,1.01,166.1
590,2024-01-25 13:00:00,32,Airport,Airport,148,18.13,295.3
591,2024-01-25 14:00:00,36,Suburb,Airport,120,3.92,161.2
592,2024-01-25 15:00:00,31,Mall,Mall,173,19.81,310.1
593,2024-01-25 16:00:00,24,Mall,Airport,163,19.14,289.4
594,2024-01-25 17:00:00,28,Mall,Downtown,104,10.4,210.0
595,2024-01-25 18:00:00,16,Downtown,Airport,199,10.74,189.4
596,2024-01-25 19:00:00,54,Airport,Mall,169,10.15,259.5
597,2024-01-25 20:00:00,39,Downtown,Airport,189,13.07,258.7
598,2024-01-25 21:00:00,37,Airport,Downtown,103,2.72,151.2
599,2024-01-25 22:00:00,37,Suburb,Downtown,138,1.62,140.2
600,2024-01-25 23:00:00,55,Suburb,Downtown,134,2.1,181.0
601,2024-01-26 00:00:00,47,Mall,Mall,100,9.44,238.4
602,2024-01-26 01:00:00,41,Airport,Mall,123,6.24,194.4
603,2024-01-26 02:00:00,16,Suburb,Suburb,156,12.82,210.2
604,2024-01-26 03:00:00,7,Airport,Mall,199,19.86,262.6
605,2024-01-26 04:00:00,5,Suburb,Downtown,169,8.34,143.4
606,2024-01-26 05:00:00,37,Downtown,Downtown,140,11.9,243.0
607,2024-01-26 06:00:00,44,Suburb,Mall,153,8.9,227.0
608,2024-01-26 07:00:00,14,Downtown,Airport,145,17.1,249.0
609,2024-01-26 08:00:00,47,Suburb,Mall,159,18.14,325.4
610,2024-01-26 09:00:00,48,Mall,Mall,159,17.67,322.7
611,2024-01-26 10:00:00,33,Downtown,Downtown,156,19.51,311.1
612,2024-01-26 11:00:00,17,Suburb,Suburb,130,1.52,99.2
613,2024-01-26 12:00:00,16,Mall,Downtown,183,16.96,251.6
614,2024-01-26 13:00:00,35,Downtown,Suburb,123,15.28,272.8
615,2024-01-26 14:00:00,50,Mall,Downtown,188,5.35,203.5
616,2024-01-26 15:00:00,6,Airport,Mall,135,19.17,253.7
617,2024-01-26 16:00:00,55,Airport,Downtown,184,3.82,198.2
618,2024-01-26 17:00:00,54,Downtown,Downtown,129,13.91,297.1
619,2024-01-26 18:00:00,39,Suburb,Downtown,123,5.27,180.7
620,2024-01-26 19:00:00,27,Downtown,Mall,129,9.2,196.0
621,2024-01-26 20:00:00,21,Mall,Mall,185,14.66,238.6
622,2024-01-26 21:00:00,30,Suburb,Mall,191,11.7,227.0
623,2024-01-26 22:00:00,12,Airport,Mall,106,9.12,165.2
624,2024-01-26 23:00:00,33,Suburb,Suburb,134,7.2,188.0
625,2024-01-27 00:00:00,30,Airport,Suburb,154,16.95,279.5
626,2024-01-27 01:00:00,14,Suburb,Airport,191,3.73,115.3
627,2024-01-27 02:00:00,30,Suburb,Mall,113,9.17,201.7
628,2024-01-27 03:00:00,38,Suburb,Suburb,109,18.17,307.7
629,2024-01-27 04:00:00,55,Mall,Downtown,179,17.07,330.7
630,2024-01-27 05:00:00,45,Mall,Mall,115,8.62,226.2
631,2024-01-27 06:00:00,11,Downtown,Airport,153,15.5,227.0
632,2024-01-27 07:00:00,8,Downtown,Airport,194,16.64,232.4
633,2024-01-27 08:00:00,57,Airport,Airport,188,17.89,342.9
634,2024-01-27 09:00:00,54,Mall,Downtown,176,11.35,271.5
635,2024-01-27 10:00:00,49,Airport,Suburb,169,4.88,196.8
636,2024-01-27 11:00:00,15,Downtown,Downtown,143,5.85,138.5
637,2024-01-27 12:00:00,33,Airport,Mall,172,6.62,182.2
638,2024-01-27 13:00:00,40,Downtown,Airport,144,12.28,252.8
639,2024-01-27 14:00:00,29,Mall,Downtown,199,1.62,124.2
640,2024-01-27 15:00:00,25,Suburb,Downtown,155,13.08,230.8
641,2024-01-27 16:00:00,40,Mall,Suburb,183,7.92,209.2
642,2024-01-27 17:00:00,14,Airport,Suburb,181,6.61,144.1
643,2024-01-27 18:00:00,41,Airport,Airport,156,17.71,309.1
644,2024-01-27 19:00:00,13,Mall,Downtown,120,9.74,173.4
645,2024-01-27 20:00:00,28,Mall,Downtown,167,2.81,134.1
646,2024-01-27 21:00:00,39,Downtown,Suburb,149,16.71,295.1
647,2024-01-27 22:00:00,53,Airport,Downtown,132,1.91,175.1
648,2024-01-27 23:00:00,39,Airport,Downtown,190,14.81,276.1
649,2024-01-28 00:00:00,52,Mall,Downtown,106,15.7,311.0
650,2024-01-28 01:00:00,40,Suburb,Suburb,169,7.7,207.0
651,2024-01-28 02:00:00,22,Airport,Airport,114,16.67,260.7
652,2024-01-28 03:00:00,53,Suburb,Mall,181,10.8,264.0
653,2024-01-28 04:00:00,43,Mall,Airport,131,9.8,234.0
654,2024-01-28 05:00:00,36,Mall,Mall,174,1.86,140.6
655,2024-01-28 06:00:00,28,Downtown,Downtown,119,6.51,171.1
656,2024-01-28 07:00:00,27,Airport,Airport,187,18.69,290.9
657,2024-01-28 08:00:00,36,Suburb,Mall,114,8.44,206.4
658,2024-01-28 09:00:00,41,Downtown,Suburb,147,11.39,245.9
659,2024-01-28 10:00:00,16,Airport,Suburb,170,11.11,193.1
660,2024-01-28 11:00:00,53,Downtown,Airport,120,12.22,278.2
661,2024-01-28 12:00:00,59,Mall,Airport,141,2.17,189.7
662,2024-01-28 13:00:00,17,Airport,Downtown,125,7.88,162.8
663,2024-01-28 14:00:00,27,Downtown,Airport,113,14.74,251.4
664,2024-01-28 15:00:00,29,Downtown,Downtown,156,4.81,156.1
665,2024-01-28 16:00:00,39,Suburb,Downtown,136,4.87,176.7
666,2024-01-28 17:00:00,45,Downtown,Suburb,157,1.19,151.9
667,2024-01-28 18:00:00,34,Airport,Suburb,120,9.31,211.1
668,2024-01-28 19:00:00,21,Airport,Mall,181,17.77,269.7
669,2024-01-28 20:00:00,53,Suburb,Suburb,168,1.99,175.9
670,2024-01-28 21:00:00,24,Airport,Suburb,102,4.63,144.3
671,2024-01-28 22:00:00,52,Mall,Airport,186,6.89,222.9
672,2024-01-28 23:00:00,29,Airport,Suburb,189,14.9,257.0
673,2024-01-29 00:00:00,26,Airport,Mall,136,13.17,233.7
674,2024-01-29 01:00:00,17,Downtown,Airport,187,8.9,173.0
675,2024-01-29 02:00:00,23,Downtown,Mall,148,15.42,250.2
676,2024-01-29 03:00:00,53,Airport,Suburb,118,12.58,281.8
677,2024-01-29 04:00:00,40,Suburb,Mall,188,18.02,310.2
678,2024-01-29 05:00:00,16,Downtown,Airport,184,16.54,247.4
679,2024-01-29 06:00:00,45,Suburb,Downtown,111,5.8,198.0
680,2024-01-29 07:00:00,23,Airport,Mall,160,6.16,157.6
681,2024-01-29 08:00:00,16,Airport,Mall,140,3.38,115.8
682,2024-01-29 09:00:00,13,Mall,Airport,132,7.4,150.0
683,2024-01-29 10:00:00,11,Downtown,Airport,149,19.99,271.9
684,2024-01-29 11:00:00,32,Airport,Mall,167,8.71,201.1
685,2024-01-29 12:00:00,18,Mall,Suburb,170,5.19,137.9
686,2024-01-29 13:00:00,35,Downtown,Mall,185,15.49,274.9
687,2024-01-29 14:00:00,56,Airport,Airport,132,11.31,275.1
688,2024-01-29 15:00:00,23,Airport,Downtown,180,3.84,134.4
689,2024-01-29 16:00:00,51,Downtown,Downtown,123,8.23,234.3
690,2024-01-29 17:00:00,20,Downtown,Suburb,160,8.87,178.7
691,2024-01-29 18:00:00,57,Downtown,Mall,160,15.32,317.2
692,2024-01-29 19:00:00,9,Airport,Downtown,197,1.39,81.9
693,2024-01-29 20:00:00,39,Airport,Mall,127,6.11,189.1
694,2024-01-29 21:00:00,16,Mall,Airport,157,10.83,190.3
695,2024-01-29 22:00:00,29,Suburb,Downtown,142,6.11,169.1
696,2024-01-29 23:00:00,56,Downtown,Suburb,140,12.94,291.4
697,2024-01-30 00:00:00,25,Airport,Airport,138,10.16,201.6
698,2024-01-30 01:00:00,40,Airport,Suburb,185,7.87,208.7
699,2024-01-30 02:00:00,57,Downtown,Airport,148,19.03,354.3
700,2024-01-30 03:00:00,27,Suburb,Downtown,116,13.01,234.1
701,2024-01-30 04:00:00,20,Downtown,Suburb,197,3.47,124.7
702,2024-01-30 05:00:00,43,Suburb,Suburb,169,11.64,252.4
703,2024-01-30 06:00:00,49,Airport,Airport,169,15.83,306.3
704,2024-01-30 07:00:00,57,Suburb,Suburb,197,14.46,308.6
705,2024-01-30 08:00:00,46,Mall,Airport,164,4.27,184.7
706,2024-01-30 09:00:00,43,Airport,Airport,173,19.48,330.8
707,2024-01-30 10:00:00,18,Mall,Airport,184,9.53,181.3
708,2024-01-30 11:00:00,35,Downtown,Airport,104,4.02,160.2
709,2024-01-30 12:00:00,9,Downtown,Downtown,101,4.42,112.2
710,2024-01-30 13:00:00,39,Downtown,Airport,121,2.87,156.7
711,2024-01-30 14:00:00,27,Suburb,Mall,156,16.27,266.7
712,2024-01-30 15:00:00,33,Airport,Suburb,165,3.32,149.2
713,2024-01-30 16:00:00,47,Downtown,Mall,173,3.38,177.8
714,2024-01-30 17:00:00,15,Downtown,Downtown,197,17.16,251.6
715,2024-01-30 18:00:00,22,Airport,Mall,115,7.55,169.5
716,2024-01-30 19:00:00,51,Downtown,Suburb,150,1.59,167.9
717,2024-01-30 20:00:00,16,Mall,Mall,138,1.99,101.9
718,2024-01-30 21:00:00,13,Airport,Downtown,185,3.7,113.0
719,2024-01-30 22:00:00,14,Airport,Airport,175,5.05,128.5
720,2024-01-30 23:00:00,48,Airport,Mall,187,13.64,282.4
721,2024-01-31 00:00:00,21,Mall,Downtown,139,3.99,131.9
722,2024-01-31 01:00:00,42,Airport,Downtown,137,3.26,166.6
723,2024-01-31 02:00:00,11,Mall,Suburb,159,15.53,227.3
724,2024-01-31 03:00:00,50,Airport,Suburb,158,13.75,287.5
725,2024-01-31 04:00:00,17,Suburb,Mall,109,9.27,176.7
726,2024-01-31 05:00:00,44,Downtown,Airport,198,11.44,252.4
727,2024-01-31 06:00:00,46,Suburb,Downtown,163,6.93,211.3
728,2024-01-31 07:00:00,13,Downtown,Mall,162,10.17,177.7
729,2024-01-31 08:00:00,54,Mall,Downtown,148,10.63,264.3
730,2024-01-31 09:00:00,31,Suburb,Downtown,163,8.36,195.6
731,2024-01-31 10:00:00,6,Airport,Airport,131,18.22,244.2
732,2024-01-31 11:00:00,9,Downtown,Airport,106,1.31,81.1
733,2024-01-31 12:00:00,33,Downtown,Mall,120,15.86,274.6
734,2024-01-31 13:00:00,41,Suburb,Airport,119,3.36,165.6
735,2024-01-31 14:00:00,42,Mall,Airport,125,16.15,295.5
736,2024-01-31 15:00:00,23,Suburb,Mall,167,12.7,223.0
737,2024-01-31 16:00:00,12,Mall,Airport,185,17.02,244.2
738,2024-01-31 17:00:00,52,Mall,Suburb,114,2.85,182.5
739,2024-01-31 18:00:00,49,Downtown,Downtown,184,11.62,264.2
740,2024-01-31 19:00:00,5,Suburb,Downtown,178,10.52,165.2
741,2024-01-31 20:00:00,26,Suburb,Downtown,185,14.42,246.2
742,2024-01-31 21:00:00,56,Mall,Downtown,191,11.15,273.5
743,2024-01-31 22:00:00,21,Suburb,Mall,113,11.27,204.7
744,2024-01-31 23:00:00,11,Airport,Downtown,126,9.16,163.6
745,2024-02-01 00:00:00,29,Airport,Downtown,139,6.87,176.7
746,2024-02-01 01:00:00,49,Suburb,Downtown,157,10.16,249.6
747,2024-02-01 02:00:00,8,Suburb,Downtown,127,3.25,98.5
748,2024-02-01 03:00:00,40,Mall,Suburb,125,19.27,322.7
749,2024-02-01 04:00:00,10,Airport,Downtown,162,14.57,215.7
750,2024-02-01 05:00:00,35,Airport,Suburb,165,19.1,311.0
751,2024-02-01 06:00:00,23,Downtown,Mall,124,5.31,149.1
752,2024-02-01 07:00:00,48,Mall,Airport,102,17.71,323.1
753,2024-02-01 08:00:00,58,Downtown,Downtown,171,16.37,329.7
754,2024-02-01 09:00:00,43,Airport,Airport,143,13.87,274.7
755,2024-02-01 10:00:00,31,Mall,Airport,196,12.88,240.8
756,2024-02-01 11:00:00,14,Suburb,Mall,141,7.01,148.1
757,2024-02-01 12:00:00,30,Mall,Airport,198,16.51,275.1
758,2024-02-01 13:00:00,23,Suburb,Suburb,105,10.53,201.3
759,2024-02-01 14:00:00,43,Suburb,Airport,138,2.35,159.5
760,2024-02-01 15:00:00,7,Mall,Airport,151,6.94,133.4
761,2024-02-01 16:00:00,49,Suburb,Airport,122,18.77,335.7
762,2024-02-01 17:00:00,17,Downtown,Downtown,188,17.16,255.6
763,2024-02-01 18:00:00,54,Airport,Downtown,149,19.66,354.6
764,2024-02-01 19:00:00,32,Suburb,Suburb,142,12.93,243.3
765,2024-02-01 20:00:00,24,Downtown,Suburb,118,5.7,155.0
766,2024-02-01 21:00:00,32,Suburb,Downtown,168,4.09,154.9
767,2024-02-01 22:00:00,12,Airport,Suburb,150,4.55,119.5
768,2024-02-01 23:00:00,45,Downtown,Downtown,110,1.38,153.8
769,2024-02-02 00:00:00,43,Airport,Mall,111,8.42,220.2
770,2024-02-02 01:00:00,5,Airport,Airport,173,4.64,106.4
771,2024-02-02 02:00:00,7,Downtown,Airport,107,8.82,152.2
772,2024-02-02 03:00:00,17,Downtown,Suburb,123,18.76,271.6
773,2024-02-02 04:00:00,32,Downtown,Downtown,191,9.18,205.8
774,2024-02-02 05:00:00,53,Mall,Downtown,140,17.68,332.8
775,2024-02-02 06:00:00,29,Downtown,Suburb,135,12.5,233.0
776,2024-02-02 07:00:00,37,Downtown,Downtown,184,5.7,181.0
777,2024-02-02 08:00:00,42,Downtown,Mall,171,7.76,211.6
778,2024-02-02 09:00:00,57,Downtown,Airport,154,2.59,189.9
779,2024-02-02 10:00:00,10,Suburb,Suburb,108,7.34,143.4
780,2024-02-02 11:00:00,48,Mall,Suburb,146,13.87,284.7
781,2024-02-02 12:00:00,49,Airport,Downtown,114,2.37,171.7
782,2024-02-02 13:00:00,36,Downtown,Suburb,147,4.9,171.0
783,2024-02-02 14:00:00,49,Suburb,Mall,181,8.25,230.5
784,2024-02-02 15:00:00,51,Suburb,Downtown,141,19.66,348.6
785,2024-02-02 16:00:00,25,Suburb,Downtown,159,15.91,259.1
786,2024-02-02 17:00:00,20,Airport,Downtown,183,14.94,239.4
787,2024-02-02 18:00:00,58,Downtown,Downtown,169,3.21,198.1
788,2024-02-02 19:00:00,25,Mall,Mall,111,15.84,258.4
789,2024-02-02 20:00:00,15,Mall,Downtown,101,15.92,239.2
790,2024-02-02 21:00:00,41,Suburb,Suburb,106,12.42,256.2
791,2024-02-02 22:00:00,40,Airport,Mall,179,19.82,328.2
792,2024-02-02 23:00:00,39,Airport,Airport,102,7.18,199.8
793,2024-02-03 00:00:00,23,Airport,Airport,102,18.88,284.8
794,2024-02-03 01:00:00,24,Mall,Suburb,126,18.38,281.8
795,2024-02-03 02:00:00,22,Suburb,Suburb,139,1.22,106.2
796,2024-02-03 03:00:00,51,Downtown,Mall,132,9.55,247.5
797,2024-02-03 04:00:00,45,Mall,Airport,191,19.56,335.6
798,2024-02-03 05:00:00,53,Suburb,Airport,100,2.96,185.6
799,2024-02-03 06:00:00,18,Suburb,Airport,107,11.41,200.1
800,2024-02-03 07:00:00,19,Downtown,Airport,131,19.6,284.0
801,2024-02-03 08:00:00,35,Downtown,Airport,147,11.55,235.5
802,2024-02-03 09:00:00,5,Downtown,Downtown,103,4.61,106.1
803,2024-02-03 10:00:00,57,Airport,Suburb,193,12.06,284.6
804,2024-02-03 11:00:00,58,Downtown,Downtown,169,4.88,214.8
805,2024-02-03 12:00:00,58,Suburb,Airport,118,10.87,274.7
806,2024-02-03 13:00:00,7,Downtown,Mall,131,2.41,88.1
807,2024-02-03 14:00:00,20,Suburb,Mall,108,12.5,215.0
808,2024-02-03 15:00:00,27,Mall,Airport,111,10.82,212.2
809,2024-02-03 16:00:00,15,Airport,Airport,110,15.06,230.6
810,2024-02-03 17:00:00,16,Mall,Mall,145,12.98,211.8
811,2024-02-03 18:00:00,14,Mall,Downtown,115,11.44,192.4
812,2024-02-03 19:00:00,36,Suburb,Downtown,100,14.11,263.1
813,2024-02-03 20:00:00,20,Mall,Airport,162,3.73,127.3
814,2024-02-03 21:00:00,12,Suburb,Downtown,120,12.31,197.1
815,2024-02-03 22:00:00,42,Downtown,Mall,129,4.27,176.7
816,2024-02-03 23:00:00,16,Downtown,Downtown,112,18.58,267.8
817,2024-02-04 00:00:00,28,Suburb,Airport,133,2.3,129.0
818,2024-02-04 01:00:00,32,Downtown,Mall,103,9.18,205.8
819,2024-02-04 02:00:00,57,Airport,Downtown,127,14.22,306.2
820,2024-02-04 03:00:00,12,Mall,Suburb,194,9.7,171.0
821,2024-02-04 04:00:00,32,Airport,Mall,158,2.75,141.5
822,2024-02-04 05:00:00,40,Mall,Mall,126,11.51,245.1
823,2024-02-04 06:00:00,30,Downtown,Suburb,168,13.19,241.9
824,2024-02-04 07:00:00,12,Airport,Suburb,124,14.37,217.7
825,2024-02-04 08:00:00,54,Downtown,Mall,102,8.09,238.9
826,2024-02-04 09:00:00,32,Mall,Suburb,196,11.71,231.1
827,2024-02-04 10:00:00,32,Suburb,Airport,167,9.56,209.6
828,2024-02-04 11:00:00,41,Suburb,Airport,124,13.77,269.7
829,2024-02-04 12:00:00,45,Airport,Airport,119,12.09,260.9
830,2024-02-04 13:00:00,40,Downtown,Mall,133,10.99,239.9
831,2024-02-04 14:00:00,31,Downtown,Suburb,125,5.74,169.4
832,2024-02-04 15:00:00,58,Airport,Suburb,104,1.04,176.4
833,2024-02-04 16:00:00,21,Suburb,Downtown,198,4.31,135.1
834,2024-02-04 17:00:00,13,Mall,Downtown,160,3.22,108.2
835,2024-02-04 18:00:00,37,Airport,Suburb,191,9.53,219.3
836,2024-02-04 19:00:00,57,Mall,Suburb,192,12.63,290.3
837,2024-02-04 20:00:00,24,Suburb,Suburb,108,5.05,148.5
838,2024-02-04 21:00:00,17,Downtown,Mall,149,18.84,272.4
839,2024-02-04 22:00:00,32,Suburb,Suburb,105,1.13,125.3
840,2024-02-04 23:00:00,52,Airport,Downtown,182,15.67,310.7
841,2024-02-05 00:00:00,33,Downtown,Mall,159,12.88,244.8
842,2024-02-05 01:00:00,17,Airport,Suburb,143,8.1,165.0
843,2024-02-05 02:00:00,50,Airport,Downtown,110,1.96,169.6
844,2024-02-05 03:00:00,39,Suburb,Mall,165,12.92,257.2
845,2024-02-05 04:00:00,10,Airport,Suburb,146,8.33,153.3
846,2024-02-05 05:00:00,22,Suburb,Suburb,172,18.79,281.9
847,2024-02-05 06:00:00,55,Downtown,Suburb,184,11.3,273.0
848,2024-02-05 07:00:00,9,Suburb,Mall,187,18.85,256.5
849,2024-02-05 08:00:00,51,Downtown,Downtown,197,5.19,203.9
850,2024-02-05 09:00:00,29,Suburb,Downtown,185,14.79,255.9
851,2024-02-05 10:00:00,6,Mall,Airport,102,12.73,189.3
852,2024-02-05 11:00:00,14,Mall,Suburb,175,15.05,228.5
853,2024-02-05 12:00:00,34,Airport,Airport,191,5.08,168.8
854,2024-02-05 13:00:00,54,Suburb,Airport,129,13.63,294.3
855,2024-02-05 14:00:00,49,Suburb,Downtown,189,10.46,252.6
856,2024-02-05 15:00:00,9,Downtown,Mall,120,15.11,219.1
857,2024-02-05 16:00:00,59,Airport,Mall,127,7.21,240.1
858,2024-02-05 17:00:00,37,Suburb,Downtown,189,17.91,303.1
859,2024-02-05 18:00:00,58,Airport,Mall,161,2.6,192.0
860,2024-02-05 19:00:00,5,Mall,Airport,132,16.34,223.4
861,2024-02-05 20:00:00,22,Suburb,Suburb,184,17.37,267.7
862,2024-02-05 21:00:00,36,Suburb,Downtown,134,16.53,287.3
863,2024-02-05 22:00:00,51,Airport,Suburb,151,10.74,259.4
864,2024-02-05 23:00:00,53,Suburb,Mall,133,9.33,249.3
865,2024-02-06 00:00:00,15,Airport,Suburb,140,19.93,279.3
866,2024-02-06 01:00:00,25,Suburb,Mall,150,5.35,153.5
867,2024-02-06 02:00:00,30,Downtown,Mall,146,11.39,223.9
868,2024-02-06 03:00:00,29,Airport,Airport,181,13.74,245.4
869,2024-02-06 04:00:00,26,Suburb,Mall,157,14.32,245.2
870,2024-02-06 05:00:00,31,Mall,Airport,174,4.88,160.8
871,2024-02-06 06:00:00,53,Suburb,Airport,156,13.43,290.3
872,2024-02-06 07:00:00,17,Mall,Airport,122,16.55,249.5
873,2024-02-06 08:00:00,37,Mall,Downtown,147,1.95,143.5
874,2024-02-06 09:00:00,38,Downtown,Downtown,121,18.32,309.2
875,2024-02-06 10:00:00,45,Airport,Mall,116,1.56,155.6
876,2024-02-06 11:00:00,39,Suburb,Airport,168,7.76,205.6
877,2024-02-06 12:00:00,5,Downtown,Downtown,110,1.3,73.0
878,2024-02-06 13:00:00,25,Suburb,Airport,193,2.47,124.7
879,2024-02-06 14:00:00,52,Mall,Suburb,114,18.31,337.1
880,2024-02-06 15:00:00,59,Airport,Suburb,190,7.74,245.4
881,2024-02-06 16:00:00,10,Suburb,Suburb,134,9.07,160.7
882,2024-02-06 17:00:00,32,Suburb,Mall,132,5.09,164.9
883,2024-02-06 18:00:00,21,Mall,Airport,183,12.34,215.4
884,2024-02-06 19:00:00,9,Suburb,Suburb,115,12.3,191.0
885,2024-02-06 20:00:00,35,Suburb,Downtown,133,8.07,200.7
886,2024-02-06 21:00:00,9,Mall,Suburb,165,7.33,141.3
887,2024-02-06 22:00:00,42,Downtown,Suburb,198,17.81,312.1
888,2024-02-06 23:00:00,7,Mall,Suburb,139,8.28,146.8
889,2024-02-07 00:00:00,57,Downtown,Mall,127,10.38,267.8
890,2024-02-07 01:00:00,27,Airport,Downtown,146,6.38,167.8
891,2024-02-07 02:00:00,41,Downtown,Airport,138,15.95,291.5
892,2024-02-07 03:00:00,57,Downtown,Downtown,169,8.55,249.5
893,2024-02-07 04:00:00,41,Airport,Airport,172,10.76,239.6
894,2024-02-07 05:00:00,14,Downtown,Mall,119,5.81,136.1
895,2024-02-07 06:00:00,14,Mall,Mall,100,19.77,275.7
896,2024-02-07 07:00:00,23,Downtown,Mall,171,6.54,161.4
897,2024-02-07 08:00:00,21,Airport,Mall,186,15.64,248.4
898,2024-02-07 09:00:00,25,Mall,Airport,162,9.12,191.2
899,2024-02-07 10:00:00,18,Airport,Suburb,166,4.92,135.2
900,2024-02-07 11:00:00,13,Airport,Airport,103,16.19,237.9
901,2024-02-07 12:00:00,50,Suburb,Downtown,157,7.34,223.4
902,2024-02-07 13:00:00,5,Suburb,Mall,124,17.44,234.4
903,2024-02-07 14:00:00,55,Airport,Mall,146,18.39,343.9
904,2024-02-07 15:00:00,49,Airport,Downtown,137,17.34,321.4
905,2024-02-07 16:00:00,17,Airport,Airport,114,1.67,100.7
906,2024-02-07 17:00:00,8,Suburb,Suburb,162,15.96,225.6
907,2024-02-07 18:00:00,5,Suburb,Suburb,120,8.82,148.2
908,2024-02-07 19:00:00,53,Downtown,Downtown,198,17.6,332.0
909,2024-02-07 20:00:00,44,Downtown,Suburb,156,13.12,269.2
910,2024-02-07 21:00:00,36,Airport,Airport,152,16.84,290.4
911,2024-02-07 22:00:00,38,Mall,Airport,145,10.49,230.9
912,2024-02-07 23:00:00,32,Mall,Downtown,113,11.17,225.7
913,2024-02-08 00:00:00,35,Suburb,Airport,199,3.74,157.4
914,2024-02-08 01:00:00,12,Suburb,Mall,175,15.9,233.0
915,2024-02-08 02:00:00,43,Suburb,Downtown,116,8.97,225.7
916,2024-02-08 03:00:00,30,Airport,Airport,138,10.5,215.0
917,2024-02-08 04:00:00,38,Mall,Downtown,108,15.92,285.2
918,2024-02-08 05:00:00,58,Downtown,Suburb,198,12.38,289.8
919,2024-02-08 06:00:00,58,Airport,Airport,176,4.82,214.2
920,2024-02-08 07:00:00,7,Downtown,Mall,178,12.21,186.1
921,2024-02-08 08:00:00,54,Downtown,Airport,181,8.75,245.5
922,2024-02-08 09:00:00,16,Airport,Downtown,196,9.92,181.2
923,2024-02-08 10:00:00,5,Downtown,Downtown,105,1.54,75.4
924,2024-02-08 11:00:00,58,Mall,Airport,190,4.99,215.9
925,2024-02-08 12:00:00,48,Downtown,Mall,122,6.34,209.4
926,2024-02-08 13:00:00,9,Mall,Mall,158,14.55,213.5
927,2024-02-08 14:00:00,34,Mall,Mall,190,1.22,130.2
928,2024-02-08 15:00:00,34,Mall,Downtown,197,8.77,205.7
929,2024-02-08 16:00:00,21,Suburb,Airport,145,18.56,277.6
930,2024-02-08 17:00:00,52,Downtown,Suburb,137,3.13,185.3
931,2024-02-08 18:00:00,51,Airport,Downtown,113,10.81,260.1
932,2024-02-08 19:00:00,27,Airport,Mall,199,15.94,263.4
933,2024-02-08 20:00:00,19,Downtown,Airport,171,18.91,277.1
934,2024-02-08 21:00:00,41,Suburb,Mall,161,15.19,283.9
935,2024-02-08 22:00:00,25,Suburb,Suburb,134,14.69,246.9
936,2024-02-08 23:00:00,18,Mall,Mall,118,16.7,253.0
937,2024-02-09 00:00:00,6,Downtown,Mall,129,9.48,156.8
938,2024-02-09 01:00:00,15,Downtown,Suburb,177,16.31,243.1
939,2024-02-09 02:00:00,55,Airport,Airport,183,1.15,171.5
940,2024-02-09 03:00:00,43,Downtown,Downtown,124,18.57,321.7
941,2024-02-09 04:00:00,42,Suburb,Airport,139,9.42,228.2
942,2024-02-09 05:00:00,38,Downtown,Suburb,187,11.51,241.1
943,2024-02-09 06:00:00,42,Airport,Mall,113,5.84,192.4
944,2024-02-09 07:00:00,54,Mall,Airport,125,15.11,309.1
945,2024-02-09 08:00:00,38,Airport,Downtown,186,2.46,150.6
946,2024-02-09 09:00:00,22,Airport,Suburb,121,17.58,269.8
947,2024-02-09 10:00:00,34,Mall,Airport,147,16.73,285.3
948,2024-02-09 11:00:00,19,Airport,Downtown,182,5.11,139.1
949,2024-02-09 12:00:00,31,Airport,Suburb,150,16.38,275.8
950,2024-02-09 13:00:00,55,Downtown,Downtown,102,15.94,319.4
951,2024-02-09 14:00:00,38,Downtown,Suburb,141,13.01,256.1
952,2024-02-09 15:00:00,56,Mall,Mall,118,8.1,243.0
953,2024-02-09 16:00:00,42,Downtown,Airport,172,6.16,195.6
954,2024-02-09 17:00:00,37,Downtown,Downtown,127,5.4,178.0
955,2024-02-09 18:00:00,28,Airport,Suburb,183,7.05,176.5
956,2024-02-09 19:00:00,19,Suburb,Downtown,144,18.17,269.7
957,2024-02-09 20:00:00,34,Downtown,Downtown,170,2.48,142.8
958,2024-02-09 21:00:00,59,Suburb,Airport,177,16.75,335.5
959,2024-02-09 22:00:00,46,Downtown,Mall,162,7.63,218.3
960,2024-02-09 23:00:00,55,Downtown,Downtown,172,10.91,269.1
961,2024-02-10 00:00:00,21,Mall,Suburb,118,16.1,253.0
962,2024-02-10 01:00:00,9,Mall,Suburb,146,17.8,246.0
963,2024-02-10 02:00:00,33,Mall,Mall,113,7.55,191.5
964,2024-02-10 03:00:00,8,Suburb,Suburb,137,9.78,163.8
965,2024-02-10 04:00:00,14,Airport,Mall,152,8.88,166.8
966,2024-02-10 05:00:00,21,Downtown,Suburb,160,1.25,104.5
967,2024-02-10 06:00:00,14,Downtown,Airport,135,6.62,144.2
968,2024-02-10 07:00:00,21,Downtown,Downtown,139,9.72,189.2
969,2024-02-10 08:00:00,24,Suburb,Airport,180,8.81,186.1
970,2024-02-10 09:00:00,28,Mall,Downtown,129,14.72,253.2
971,2024-02-10 10:00:00,9,Airport,Downtown,108,8.31,151.1
972,2024-02-10 11:00:00,38,Suburb,Downtown,163,10.3,229.0
973,2024-02-10 12:00:00,10,Mall,Airport,132,9.16,161.6
974,2024-02-10 13:00:00,57,Suburb,Downtown,151,15.07,314.7
975,2024-02-10 14:00:00,6,Airport,Airport,188,17.4,236.0
976,2024-02-10 15:00:00,17,Mall,Mall,113,11.11,195.1
977,2024-02-10 16:00:00,47,Suburb,Suburb,174,16.0,304.0
978,2024-02-10 17:00:00,47,Airport,Suburb,152,6.64,210.4
979,2024-02-10 18:00:00,52,Downtown,Downtown,198,11.29,266.9
980,2024-02-10 19:00:00,15,Airport,Airport,158,7.56,155.6
981,2024-02-10 20:00:00,55,Downtown,Suburb,177,8.87,248.7
982,2024-02-10 21:00:00,51,Suburb,Airport,193,14.92,301.2
983,2024-02-10 22:00:00,27,Mall,Airport,140,17.75,281.5
984,2024-02-10 23:00:00,59,Mall,Downtown,167,3.31,201.1
985,2024-02-11 00:00:00,20,Suburb,Suburb,167,13.06,220.6
986,2024-02-11 01:00:00,35,Mall,Downtown,191,12.06,240.6
987,2024-02-11 02:00:00,15,Mall,Downtown,107,3.25,112.5
988,2024-02-11 03:00:00,58,Downtown,Suburb,101,5.03,216.3
989,2024-02-11 04:00:00,20,Suburb,Suburb,185,6.91,159.1
990,2024-02-11 05:00:00,12,Airport,Mall,140,4.17,115.7
991,2024-02-11 06:00:00,8,Downtown,Mall,154,5.63,122.3
992,2024-02-11 07:00:00,44,Suburb,Airport,115,6.08,198.8
993,2024-02-11 08:00:00,8,Downtown,Suburb,192,7.38,139.8
994,2024-02-11 09:00:00,29,Airport,Mall,161,15.24,260.4
995,2024-02-11 10:00:00,7,Airport,Airport,147,11.87,182.7
996,2024-02-11 11:00:00,36,Suburb,Airport,129,19.74,319.4
997,2024-02-11 12:00:00,7,Airport,Airport,111,8.88,152.8
998,2024-02-11 13:00:00,31,Downtown,Mall,134,15.32,265.2
999,2024-02-11 14:00:00,33,Airport,Suburb,110,17.56,291.6
1000,2024-02-11 15:00:00,36,Downtown,Downtown,163,13.9,261.0
